"","Time","Time.Code","Country.Name","Country.Code","EG.CFT.ACCS.ZS","EN.ATM.CO2E.KD.GD","SL.AGR.EMPL.ZS","SL.AGR.EMPL.FE.ZS","SL.AGR.EMPL.MA.ZS","SL.SRV.EMPL.ZS","SL.SRV.EMPL.FE.ZS","NY.GDP.MKTP.PP.KD","NY.GDP.MKTP.PP.CD","NY.GNP.PCAP.KD","NY.GNP.MKTP.PC.CD","NY.GNP.PCAP.PP.CD","NY.GNP.MKTP.PP.CD","IT.NET.USER.ZS","NV.IND.MANF.ZS","NV.IND.MANF.CD","SH.ANM.ALLW.ZS","SP.URB.TOTL","Happiness_score"
"119",2015,"YR2015","Lower middle income","LMC",47.37955289,0.771321629,41.03600086,46.21823779,38.75821439,37.50747777,39.29032564,1.97e+13,1.96e+13,2087.826732,2087.826732,6260.464618,1.94e+13,20.9458754,15.29768061,9.98e+11,41.55470312,1241640413,NA
"112",2015,"YR2015","Least developed countries: UN classification","LDC",13.98964271,0.302869562,57.95210677,63.96076574,53.5659149,29.68392144,27.67700261,2.66e+12,2.45e+12,1002.444666,1002.444666,2594.084661,2.44e+12,10.81946235,10.78361148,1.02e+11,38.95031844,301106292,NA
"141",2015,"YR2015","Nepal","NPL",29,0.265180175,66.93000031,76.29000092,55.20999908,18.94000053,15.59000015,90010625807,80942994654,914.4900231,914.4900231,3040,82086601884,17.58161801,5.356055555,1304777736,35.3,5013180,4.514
"45",2015,"YR2015","Cuba","CUB",92.65,0.315494703,18.64999962,8.090000153,25.34000015,64.23999786,80.94000244,NA,NA,7595.204744,7595.204744,NA,NA,37.30509742,14.90824372,1.299e+10,19.5,8708301,NA
"200",2015,"YR2015","Tunisia","TUN",99.7,0.687226612,14.75,9.609999657,16.43000031,52.13999939,57.11000061,1.24e+11,1.21e+11,3975.021918,3975.021918,10510,1.17e+11,46.49999434,14.01022023,6413896819,30.8,7608627,4.739
"106",2015,"YR2015","Lao PDR","LAO",5.7,0.601788313,65.58000183,67.73999786,63.49000168,23.43000031,23.93000031,44111931100,41582719416,2044.874468,2044.874468,5890,39733495399,18.2,8.190052195,1181528149,37.2,2231863,NA
"127",2015,"YR2015","Mauritania","MRT",43.1,0.478363565,32.97000122,24.64999962,36.65000153,49.18999863,57.54999924,20330521956,16995094117,1479.564863,1479.564863,4080,16498775891,17.6,7.43829556,458709568.1,44.2,2067216,4.436
"110",2015,"YR2015","Latin America & Caribbean (IDA & IBRD)","TLA",87.24785325,0.334979492,13.84584758,7.219431888,18.37171569,64.50788512,80.51685968,9.6e+12,9.06e+12,8277.711438,8277.711438,14583.62999,8.84e+12,54.62557158,15.48838424,7.96e+11,17.28944743,484313417,NA
"150",2015,"YR2015","OECD members","OED",97.90526499,0.25365167,5.174769789,3.340823231,6.612392879,72.01979966,85.06032074,5.6e+13,5.38e+13,35946.79545,35946.79545,40710.54199,5.43e+13,75.6871155,13.87134264,6.58e+12,12.81808029,1066089237,NA
"92",2015,"YR2015","Indonesia","IDN",67.1,0.57017783,33.04000092,32.61000061,33.31000137,44.91999817,51.63000107,2.62e+12,2.65e+12,3221.179519,3221.179519,9910,2.56e+12,22.0627426,20.98578743,1.81e+11,28.2,137751866,5.399
"4",2015,"YR2015","Angola","AGO",47.2,0.302598294,51.15999985,57.79999924,44.54000092,41.27999878,41.18999863,2.24e+11,2.05e+11,2968.861611,2968.861611,6960,1.94e+11,22,5.685144803,4958542934,45,17691524,4.033
"41",2015,"YR2015","Congo, Rep.","COG",25.4,0.289428818,34.34999847,34.16999817,34.52999878,42.97000122,43.16999817,25369698641,22531030874,2434.965685,2434.965685,4610,22406270880,7.615974662,7.903723169,939773169.4,51.1,3182829,NA
"144",2015,"YR2015","Nicaragua","NIC",50.5,0.413116032,30.97999954,9,44.59000015,51.31999969,77.09999847,35039126467,32944994652,1971.275037,1971.275037,5090,31682119557,19.7042915,14.1978735,1811181063,13.9,3602941,5.828
"53",2015,"YR2015","East Asia & Pacific (excluding high income)","EAP",64.38266123,0.845621118,30.86449282,28.00496977,33.06934351,42.44123644,48.92928037,2.38e+13,2.41e+13,6466.149854,6466.149854,11688.90396,2.39e+13,44.15290412,27.53707337,3.67e+12,18.57410538,1078630140,NA
"196",2015,"YR2015","Timor-Leste","TLS",8.5,0.38258647,42.56000137,42.83000183,42.34000015,44,50.38000107,3942152165,3484489056,2334.365883,2334.365883,5100,6103032773,18.6,0.969154187,15452300,27.7,352787,NA
"8",2015,"YR2015","Australia","AUS",100,0.278147276,2.640000105,1.850000024,3.309999943,77.97000122,90.48999786,1.13e+12,1.1e+12,55554.92985,55554.92985,45310,1.08e+12,84.56051491,6.299997474,85083617605,7.6,20410546,7.284
"157",2015,"YR2015","Peru","PER",75.8,0.283553725,28.26000023,27.06999969,29.26000023,55.16999817,63.91999817,3.69e+11,3.53e+11,6015.808062,6015.808062,11180,3.41e+11,40.85260091,13.78802017,26170393167,20.1,23571250,5.824
"159",2015,"YR2015","Poland","POL",100,0.604945153,11.52999973,10.35000038,12.48999977,57.93000031,73.22000122,1.06e+12,1.02e+12,12120.11779,12120.11779,25880,9.83e+11,67.99698716,17.47659224,83505239422,NA,22897449,5.791
"180",2015,"YR2015","South Asia (IDA & IBRD)","TSA",43.88329413,0.897197663,44.94614451,60.80468014,40.37207389,31.37219669,22.30943407,9.23e+12,9.11e+12,1532.575592,1532.575592,5167.082747,9.04e+12,14.17472639,15.26326242,4.12e+11,49.13093101,572716485,NA
"83",2015,"YR2015","Honduras","HND",45.9,0.470453253,28.71999931,7.460000038,40.50999832,49.45999908,71.63999939,48147271125,43955139193,2145.254748,2145.254748,4490,40958557201,27.1,17.54311202,3680504165,16.9,5027133,4.788
"103",2015,"YR2015","Korea, Rep.","KOR",100,0.413781601,5.230000019,5.369999886,5.139999866,69.37999725,80.87000275,1.98e+12,1.93e+12,28822.10397,28822.10397,38020,1.94e+12,89.8962558,26.60603573,3.9e+11,13.1,41645542,NA
"14",2015,"YR2015","Barbados","BRB",100,0.27359491,2.890000105,1.559999943,4.21999979,77.75,88.75,4390777959,4434706831,15812.55494,15812.55494,14840,4234834109,76.11,5.441821995,257109285.6,16.7,89162,NA
"94",2015,"YR2015","Iraq","IRQ",98.1,0.972513062,20.38999939,17.07999992,20.92000008,56.90000153,66.22000122,3.54e+11,3.47e+11,4645.694739,4645.694739,9680,3.44e+11,16.8,2.175208425,3627684484,28.6,24872486,4.677
"47",2015,"YR2015","Czech Republic","CZE",100,0.537033249,2.930000067,1.639999986,3.930000067,59.04999924,74.62000275,3.81e+11,3.58e+11,16606.85829,16606.85829,31570,3.33e+11,75.6688387,23.92167732,44980659586,20.5,7748928,6.505
"22",2015,"YR2015","Botswana","BWA",61.7,0.499979422,21.89999962,17.29000092,25.94000053,60.09000015,72.91000366,31589984034,31046345793,6188.875973,6188.875973,14150,30008539556,37.31205037,7.216415393,979899299,31.6,1424167,4.332
"60",2015,"YR2015","Eswatini","SWZ",47.6,0.253528421,13.55000019,11.75,15.17000008,61.58000183,64.27999878,9172107215,9729896589,3535.861485,3535.861485,8470,9347907544,25.64304231,31.71397586,1288616752,29.8,257241,NA
"107",2015,"YR2015","Late-demographic dividend","LTE",74.74295551,0.774919378,25.50368943,22.81939899,27.60118171,47.20158589,54.9789628,3.35e+13,3.32e+13,8064.820071,8064.820071,14476.49621,3.27e+13,53.37475342,23.13948052,4.28e+12,17.29138003,1349370077,NA
"169",2015,"YR2015","Saudi Arabia","SAU",100,0.857658281,6.099999905,0.550000012,6.96999979,71.16999817,97.88999939,1.55e+12,1.54e+12,21172.73406,21172.73406,49900,1.58e+12,69.6162358,12.68447764,82990698796,26,26382763,6.411
"148",2015,"YR2015","North Macedonia","MKD",73.1,0.742708702,17.87000084,17.5,18.11000061,51.63999939,58.04999924,31341672325,28751910212,4708.387777,4708.387777,13450,27846063914,70.38020308,11.76035953,1183623200,17.9,1188475,NA
"147",2015,"YR2015","North America","NAC",100,0.279978452,1.461645945,0.78888721,2.040093589,78.67077535,90.41222538,2.04e+13,1.98e+13,56662.16765,56662.16765,56762.35962,2.02e+13,76.11729383,11.52574501,2.28e+12,10.55887627,291027807,NA
"65",2015,"YR2015","Europe & Central Asia (IDA & IBRD)","TEC",91.82286143,0.85953313,15.40087919,14.87547241,15.81544367,58.47247307,69.65383525,9.45e+12,9.06e+12,7841.746711,7841.746711,19621.60522,8.87e+12,59.59461725,14.65303915,5.31e+11,22.04279209,296643967,NA
"18",2015,"YR2015","Benin","BEN",4.3,0.525984836,41.08000183,33.16999817,48.68999863,40.49000168,50.13000107,31156469107,30530995255,1068.048702,1068.048702,2860,30282958643,11.25498791,10.03567008,1142878262,55,4832686,3.34
"66",2015,"YR2015","European Union","EUU",99.19788181,0.213888421,5.057886555,3.848212519,6.080692423,70.00956438,83.37211554,1.81e+13,1.7e+13,30473.72649,30473.72649,38112.15019,1.69e+13,75.65441583,15.28260156,2.07e+12,12.89166193,328554220,NA
"89",2015,"YR2015","IDA only","IDX",16.47702432,0.34173583,55.88391203,61.16022172,52.13083923,31.09787418,29.65491615,2.86e+12,2.67e+12,1017.763408,1017.763408,2629.737253,2.67e+12,11.78193974,11.30496078,1.18e+11,38.52097548,332593299,NA
"133",2015,"YR2015","Middle income","MIC",60.50698827,0.757169464,32.02490592,30.66080415,32.86183407,43.60013206,50.42247246,5.6e+13,5.54e+13,4695.608754,4695.608754,9933.87071,5.47e+13,34.86343794,20.72020884,5.43e+12,30.95692685,2770599498,NA
"75",2015,"YR2015","Greece","GRC",100,0.348201405,12.89999962,12.35999966,13.27999973,72.16000366,79.66999817,3.06e+11,2.9e+11,18069.15735,18069.15735,26740,2.89e+11,66.83495949,8.294392078,16230758961,13.6,8445266,4.857
"27",2015,"YR2015","Burundi","BDI",0.2,0.132070831,86.29000092,93.91000366,77.93000031,10.22999954,5.170000076,8384116688,8550074538,305.5462161,305.5462161,840,8551056067,2,8.676553788,269320542.9,33.7,1227129,2.905
"33",2015,"YR2015","Central African Republic","CAF",0.6,0.182801804,71.83000183,75.26000214,68.98999786,21.61000061,19.96999931,3831548140,3536183568,382.108807,382.108807,800,3580087009,2.9,19.74492116,334839449.2,47.7,1809714,3.678
"101",2015,"YR2015","Kazakhstan","KAZ",93.3,1.120677678,18.01000023,17.09000015,18.87000084,61.43000031,71.41999817,4.26e+11,4.07e+11,9848.511814,9848.511814,21760,3.82e+11,70.8299336,10.27540938,18946666258,27.7,10032906,5.855
"208",2015,"YR2015","Upper middle income","UMC",77.33955932,0.752578658,23.56632198,20.22423349,26.10897914,49.31921815,57.89037748,3.62e+13,3.58e+13,8039.645553,8039.645553,14634.35337,3.53e+13,52.5361365,22.52042614,4.43e+12,17.12301567,1528959085,NA
"100",2015,"YR2015","Jordan","JOR",99.9,0.657215856,2.880000114,0.939999998,3.24000001,72.23000336,85.12000275,94017136424,87705168919,4117.431835,4117.431835,9360,86722051387,54.22,18.36162025,7085201690,33.2,8363638,5.192
"43",2015,"YR2015","Cote d'Ivoire","CIV",23.1,0.208666933,43.5,36.38000107,48.31999969,44.40000153,53.04999924,1.03e+11,1.08e+11,1929.178466,1929.178466,4550,1.06e+11,16.7,10.84203181,4967237624,51.7,11483937,NA
"97",2015,"YR2015","Italy","ITA",100,0.184029708,3.75,2.440000057,4.690000057,69.65000153,84.26999664,2.44e+12,2.24e+12,30033.31265,30033.31265,36640,2.23e+12,58.14173496,14.39537139,2.64e+11,12.5,42247229,5.948
"134",2015,"YR2015","Moldova","MDA",94.7,1.035475806,34.15000153,29.72999954,38.50999832,48,58.52000046,29368082205,26233146095,2891.013733,2891.013733,9790,27755343307,69.00000447,11.95822071,926193122.6,25.9,1204392,5.889
"151",2015,"YR2015","Oman","OMN",100,0.998242369,4.570000172,0.379999995,5.139999866,62.20000076,94.98000336,1.48e+11,1.53e+11,17918.16939,17918.16939,34780,1.48e+11,73.53,8.916115687,7017945384,28.8,3471482,6.853
"67",2015,"YR2015","Fiji","FJI",40.3,0.322474082,19.87999916,10.18000031,24.71999931,65.56999969,80.91999817,10917891748,10781765001,5063.389238,5063.389238,11660,10127094625,42.5,10.49615987,491487604.9,31.5,475368,NA
"38",2015,"YR2015","Colombia","COL",89.75,0.276098941,16.01000023,7.21999979,22.37999916,64.16999817,78.77999878,6.7e+11,6.3e+11,6095.390065,6095.390065,13090,6.22e+11,55.90497251,12.40089376,36394359799,21.1,37904385,6.477
"104",2015,"YR2015","Kuwait","KWT",100,0.768456632,2.079999924,0.029999999,2.819999933,75.31999969,96.68000031,2.1e+11,1.81e+11,33178.54325,33178.54325,52460,2.01e+11,82,6.977573949,7994017946,22.4,3835588,6.295
"76",2015,"YR2015","Guatemala","GTM",42.7,0.262759318,31.87999916,9.81000042,42.58000183,49.22999954,72.48000336,1.26e+11,1.28e+11,3899.155248,3899.155248,8000,1.25e+11,28.80594156,14.3263287,8908997492,8.9,7779195,6.123
"170",2015,"YR2015","Senegal","SEN",27.3,0.52208843,33.33000183,28.68000031,36.43000031,53.68000031,65.56999969,43246320959,43317631004,1187.537862,1187.537862,2890,42190979350,21.7,17.04305501,3029363255,54.5,6685969,3.904
"72",2015,"YR2015","Georgia","GEO",79.3,0.615222042,44.04999924,47.11000061,41.34000015,44.93000031,47.81000137,46957625779,45035492645,3923.266507,3923.266507,11820,44015459771,47.56975964,8.864594077,1325607015,26.8,2140097,4.297
"21",2015,"YR2015","Bosnia and Herzegovina","BIH",43.9,1.209632015,17.52000046,17.69000053,17.40999985,51.86000061,65.23999786,43315131785,41189243040,4761.937828,4761.937828,12090,41470077805,52.6,11.67037698,1892914063,23.8,1617733,4.949
"206",2015,"YR2015","United Kingdom","GBR",100,0.136515303,1.139999986,0.649999976,1.570000052,80.19999695,91.68000031,2.93e+12,2.79e+12,44321.82852,44321.82852,41890,2.73e+12,92.00029987,9.213357503,2.72e+11,9.9,53802927,6.867
"78",2015,"YR2015","Guinea-Bissau","GNB",1.1,0.267117044,62.81999969,67.62999725,58.40999985,28.45999908,26.54000092,3127082707,2774674411,618.1252424,618.1252424,1640,2842389875,6.1,10.70263964,112188239.8,49.1,731764,NA
"82",2015,"YR2015","High income","HIC",99.72492176,0.260103833,3.475675511,2.484104927,4.254079393,73.46618521,86.33550135,5.68e+13,5.48e+13,40254.17189,40254.17189,45624.054,5.53e+13,79.43867762,13.84779027,6.68e+12,12.97757284,973224046,NA
"187",2015,"YR2015","Sub-Saharan Africa (excluding high income)","SSA",14.48024971,0.470757402,54.61649286,54.89636007,54.32748594,34.63278096,37.46078098,3.88e+12,3.76e+12,1640.599764,1640.599764,3663.81622,3.65e+12,16.1192393,10.02092009,1.69e+11,40.5453238,384106372,NA
"185",2015,"YR2015","St. Vincent and the Grenadines","VCT",95.2,0.291236431,11.07999992,4.869999886,15.39000034,68.87999725,88.54000092,1358937599,1323089731,7040.22521,7040.22521,11840,1292441929,49.4,4.795167693,37716611.14,16.9,55620,NA
"175",2015,"YR2015","Slovenia","SVN",100,0.30563813,7.079999924,7.110000134,7.050000191,60.91999817,74.66999817,69746781415,65265868523,20245.86232,20245.86232,30650,63252908627,73.09865997,19.93938327,8595370845,20.6,1109788,5.848
"125",2015,"YR2015","Mali","MLI",0.9,0.260210708,62.27000046,61.93999863,62.52000046,29.46999931,32.02999878,37314373426,35447022304,734.5124664,734.5124664,1990,34646998122,10.33,6.426121851,842128127.2,58.3,6973939,3.995
"167",2015,"YR2015","Samoa","WSM",31.4,0.304449788,32.33000183,7.579999924,44.99000168,43.04000092,54.84999847,1159792944,1126897672,3989.391955,3989.391955,5700,1103567865,25.40700977,8.296799043,65404273.75,25.1,36600,NA
"205",2015,"YR2015","United Arab Emirates","ARE",100,0.541806773,2.00999999,0.01,2.380000114,63,93.93000031,6.05e+11,6.01e+11,38851.52403,38851.52403,65220,6.04e+11,90.5,8.833306672,31635157939,23.7,7935894,6.901
"42",2015,"YR2015","Costa Rica","CRI",94.3,0.133588657,12.31000042,4.199999809,17.36000061,68.54000092,86.16999817,92795146907,82852849095,11144.61132,11144.61132,16360,79307773127,59.76295014,11.60708171,6551259500,12.6,3726120,7.226
"143",2015,"YR2015","New Zealand","NZL",100,0.18077722,6.139999866,4,8.029999733,72.27999878,86,1.89e+11,1.73e+11,37349.13779,37349.13779,36240,1.67e+11,85.2,11.28221195,20089611046,9.3,3979802,7.286
"123",2015,"YR2015","Malaysia","MYS",96.8,0.771681742,12.47000027,7.900000095,15.26000023,60.00999832,72.83999634,7.5e+11,7.51e+11,9683.621691,9683.621691,24130,7.3e+11,71.06406781,22.29329748,67181922929,30.7,22464991,5.77
"39",2015,"YR2015","Comoros","COM",5.7,0.186329694,37.27000046,35.43999863,38.52000046,43.66999817,47.77999878,2300821255,2106508753,1247.540332,1247.540332,2720,2114908311,7.459161386,NA,NA,33,221336,3.956
"195",2015,"YR2015","Thailand","THA",78.9,0.655575219,32.27999878,29.81999969,34.34999847,44.04000092,49.38999939,1.12e+12,1.09e+12,5538.786457,5538.786457,15010,1.03e+12,39.31612674,27.3740712,1.1e+11,22.7,32772703,6.455
"149",2015,"YR2015","Norway","NOR",100,0.100155119,2.00999999,0.920000017,2.99000001,77.87000275,91.87000275,3.27e+11,3.13e+11,77445.51261,77445.51261,62880,3.26e+11,96.81032569,6.873817164,26519293169,11,4207493,7.522
"176",2015,"YR2015","Small states","SST",61.45316175,0.504318255,19.33772487,20.41058396,18.67269292,57.20526652,70.2089737,7.9e+11,7.54e+11,11429.87896,11429.87896,19061.98185,7.34e+11,44.20523324,10.51513732,47585528273,30.07370083,22103488,NA
"87",2015,"YR2015","IDA & IBRD total","IBT",56.74031921,0.743214979,34.07498994,33.50655531,34.43923234,42.63743081,48.76898568,5.97e+13,5.9e+13,4448.325425,4448.325425,9403.717568,5.82e+13,33.17308308,20.67955904,5.77e+12,31.44703041,3018348768,NA
"36",2015,"YR2015","Chile","CHL",100,0.336054072,9.380000114,4.53000021,12.75,67.33999634,84.23999786,4.37e+11,4.05e+11,13163.76152,13163.76152,22010,3.96e+11,76.62959195,10.39886479,25216898735,8,15698029,6.67
"124",2015,"YR2015","Maldives","MDV",97.9,0.328511331,9.829999924,2.400000095,12.32999992,71.77999878,75.91000366,7862721296,7628331940,8302.58162,8302.58162,15410,7011178134,54.46195515,1.917146543,78783695.49,48.3,175274,NA
"61",2015,"YR2015","Ethiopia","ETH",4.3,0.199413727,69.40000153,61.93999863,75.73000336,21.82999992,29.13999939,1.79e+11,1.67e+11,637.9386695,637.9386695,1650,1.66e+11,13.85517556,4.404619139,2844914210,22.5,19590312,4.512
"197",2015,"YR2015","Togo","TGO",6.6,0.435316493,38.68000031,35.83000183,41.50999832,46.61999893,49.20999908,14063907851,10232891545,590.1150714,590.1150714,1440,10577120514,7.12,6.807005648,284591796.8,46.7,2936588,2.839
"153",2015,"YR2015","Pakistan","PAK",42.1,0.604643476,41.00999832,72.08000183,32.56999969,34.97000122,13.42000008,9.6e+11,9.82e+11,1333.606755,1333.606755,4850,9.67e+11,11,12.79208896,34609781049,42,71845554,5.194
"178",2015,"YR2015","South Africa","ZAF",83.4,1.337696936,5.610000134,4.230000019,6.659999847,70.56999969,84.04000092,7.76e+11,7.59e+11,6116.425843,6116.425843,13390,7.42e+11,51.91911572,12.51794447,43400939046,28.9,35905875,4.642
"58",2015,"YR2015","Equatorial Guinea","GNQ",24,0.541504053,38.36000061,43.47999954,35.36000061,38.84999847,43.29999924,33086370154,28095292742,8510.380304,8510.380304,18130,21190569158,21.3199999,17.8446575,2352906751,45.8,825201,NA
"162",2015,"YR2015","Pre-demographic dividend","PRE",14.31908455,0.344813253,54.35458759,56.83051173,52.32197678,35.04477983,36.01277499,3.04e+12,2.92e+12,1516.571324,1516.571324,3354.30094,2.84e+12,13.00256264,8.447365565,1.12e+11,43.71531693,334869045,NA
"93",2015,"YR2015","Iran, Islamic Rep.","IRN",96.6,1.564430926,18.03000069,22.81999969,17.14999962,49.43999863,53.38000107,1.15e+12,1.13e+12,5204.557531,5204.557531,14420,1.13e+12,45.33497615,13.45074441,54907676253,23,57580314,NA
"212",2015,"YR2015","Vietnam","VNM",59.6,1.082585385,44.02000046,45.45000076,42.70999908,33.24000168,35.24000168,7.46e+11,7e+11,2450.634182,2450.634182,7170,6.65e+11,45,NA,NA,18,31333195,5.36
"37",2015,"YR2015","China","CHN",68.4,0.888702511,28.59000015,25.03000069,31.40999985,42.22999954,49.09000015,1.74e+13,1.78e+13,7978.179722,7978.179722,12840,1.77e+13,50.3,28.95167058,3.2e+12,14.9,765822300,5.14
"142",2015,"YR2015","Netherlands","NLD",100,0.206608182,2.319999933,1.50999999,3.00999999,81.25,92.44999695,8.97e+11,8.52e+11,45230.016,45230.016,50330,8.53e+11,91.72413793,10.80175882,82695324277,11.5,15275237,7.378
"63",2015,"YR2015","Europe & Central Asia","ECS",95.92728237,0.296411408,9.019471231,8.116103696,9.766533003,66.40963882,78.69535605,2.97e+13,2.81e+13,22500.47109,22500.47109,30707.04031,2.78e+13,70.01831428,14.12458982,2.9e+12,16.36042699,648297897,NA
"179",2015,"YR2015","South Asia","SAS",43.88329413,0.897197663,44.94614451,60.80468014,40.37207389,31.37219669,22.30943407,9.23e+12,9.11e+12,1532.575592,1532.575592,5167.082747,9.04e+12,14.17472639,15.26326242,4.12e+11,49.13093101,572716485,NA
"213",2015,"YR2015","World","WLD",63.06847757,0.439085235,28.80944645,27.55325018,29.63095175,48.05346686,56.08852056,1.14e+14,1.12e+14,10252.05448,10252.05448,15149.83389,1.11e+14,40.45705481,16.36514268,1.23e+13,28.8,3960624201,NA
"15",2015,"YR2015","Belarus","BLR",99.3,0.97228338,9.699999809,6.659999847,12.80000019,59.22999954,72.94999695,1.74e+11,1.71e+11,5714.157577,5714.157577,17330,1.64e+11,62.23036091,20.6443546,11654715559,19.5,7302153,5.813
"85",2015,"YR2015","IBRD only","IBD",68.80306417,0.770819483,29.28751393,26.59133683,30.91870867,44.92519136,53.3051818,5.44e+13,5.38e+13,5472.959262,5472.959262,11383.40235,5.3e+13,39.18590774,21.45050549,5.54e+12,28.70363276,2476317766,NA
"189",2015,"YR2015","Sudan","SDN",45.4,0.276146575,41.25,57.13999939,35.91999817,41.65999985,38.52000046,1.8e+11,1.73e+11,2135.425049,2135.425049,4330,1.69e+11,NA,NA,NA,36.3,13185765,4.55
"136",2015,"YR2015","Montenegro","MNE",61.4,0.58203886,7.71999979,8.170000076,7.349999905,74.81999969,83.80999756,11362856805,10161628572,6659.939405,6659.939405,16690,10384204628,68.11978601,4.08869912,165785635.1,16.3,409418,5.192
"70",2015,"YR2015","Gabon","GAB",85.6,0.3810025,32.13999939,49.27999878,22.38999939,57.34000015,48.13999939,30208747765,28630139365,6771.467149,6771.467149,13480,26252661543,45.78453653,16.68703304,2400113937,54,1716265,3.896
"35",2015,"YR2015","Chad","TCD",4.1,0.088581302,75.37999725,74.11000061,76.43000031,22.55999947,25.30999947,26205595208,25682812591,752.4979871,752.4979871,1760,24904346468,3.5,2.778290083,304233661.1,47.6,3177085,3.667
"174",2015,"YR2015","Slovak Republic","SVK",100,0.347585054,3.180000067,1.330000043,4.670000076,60.70999908,77.91999817,1.56e+11,1.63e+11,15941.55327,15941.55327,29230,1.59e+11,77.63468203,19.60692867,17378979428,22.9,2922832,NA
"88",2015,"YR2015","IDA blend","IDB",26.9915472,0.424441427,42.05732041,47.06622997,39.17773594,41.30297423,42.3098333,2.55e+12,2.54e+12,1926.089146,1926.089146,4852.084422,2.49e+12,18.91860563,10.64034398,1.08e+11,43.26723231,209437703,NA
"193",2015,"YR2015","Tajikistan","TJK",77.3,0.575473167,48.56000137,64.51999664,38.81999969,35.93999863,29.32999992,25231176512,26633770683,1158.9782,1158.9782,3730,31549266607,18.98,10.73290727,887767519.6,32,2260774,4.786
"74",2015,"YR2015","Ghana","GHA",21.1,0.318533647,35.18000031,27.45000076,41.88000107,46.13999939,52.33000183,1.33e+11,1.45e+11,1720.73469,1720.73469,5050,1.41e+11,23,11.09829962,5483288995,40.7,15062520,4.633
"215",2015,"YR2015","Zambia","ZMB",14,0.238574574,52.27000046,58.45999908,46.63000107,37.13000107,37.31000137,54681456236,54472595406,1312.344805,1312.344805,3360,53416507707,8.8,7.522311308,1598582684,30.7,6654568,5.129
"54",2015,"YR2015","East Asia & Pacific (IDA & IBRD)","TEA",65.08085759,0.844795439,30.64935964,27.64984974,32.95311345,42.46350669,49.0536228,2.38e+13,2.41e+13,6538.584811,6538.584811,11819.83173,2.39e+13,44.15290412,27.54738661,3.67e+12,18.39870545,1063159933,NA
"122",2015,"YR2015","Malawi","MWI",2,0.188288084,77.29000092,83.26000214,71.77999878,17.09000015,13.72999954,24406343866,24209275404,367.4724167,367.4724167,1410,23620893413,6,9.60125083,611908131.6,30.4,2731662,4.292
"10",2015,"YR2015","Azerbaijan","AZE",95.9,0.606130599,36.36000061,42.06000137,30.97999954,49.58000183,52.06000137,1.43e+11,1.44e+11,5324.438009,5324.438009,14460,1.4e+11,77,4.990621552,2648740972,34.6,5279540,5.212
"17",2015,"YR2015","Belize","BLZ",82.9,0.383341825,18.07999992,4.579999924,25.89999962,66.5,87.43000031,2632170826,2630697756,4540.73821,4540.73821,6890,2485914768,41.59,7.076236449,122724617.9,20.6,163882,NA
"192",2015,"YR2015","Switzerland","CHE",100,0.055586446,3.440000057,2.869999886,3.930000067,75.80999756,87.02999878,5.63e+11,5.47e+11,85819.60741,85819.60741,66830,5.54e+11,87.4790556,17.47439619,1.23e+11,10.1,6105617,7.587
"145",2015,"YR2015","Niger","NER",1.7,0.203395194,73.76999664,71.66999817,75.31999969,19.26000023,18.64999962,22632265447,22908092689,508.0548548,508.0548548,1200,24039021556,2.476219975,7.625755954,738468132.5,49.3,3249670,3.845
"117",2015,"YR2015","Low & middle income","LMY",55.82827539,0.751173223,34.54486445,34.1226925,34.82074678,42.28418071,48.15359747,5.71e+13,5.65e+13,4309.741189,4309.741189,9127.725061,5.57e+13,32.59002605,20.49988328,5.47e+12,31.60399877,2960881821,NA
"135",2015,"YR2015","Mongolia","MNG",44.15,1.472387966,28.45000076,26.95000076,29.71999931,51.25999832,60.13999939,33011892666,31928136101,3552.674161,3552.674161,9760,29269896450,22.50000413,7.015505837,815194229.3,14.1,2045831,4.874
"152",2015,"YR2015","Other small states","OSS",57.25486951,0.501591819,20.19135213,24.13045009,17.93956641,54.68435842,66.11595899,6.56e+11,6.28e+11,12425.48199,12425.48199,21104.66046,6.11e+11,44.09641738,10.8114317,40000987001,32.69937799,17541694,NA
"16",2015,"YR2015","Belgium","BEL",100,0.205993868,1.179999948,0.730000019,1.559999943,77.38999939,90.91000366,5.58e+11,5.21e+11,41588.66993,41588.66993,46850,5.28e+11,85.05294175,12.69333388,58685798178,12,11034732,6.937
"28",2015,"YR2015","Cabo Verde","CPV",75.5,0.313126196,14.53999996,8.619999886,18.93000031,63.15000153,79.08999634,3288483544,3145505183,2930.483726,2930.483726,5770,3029167496,42.68301416,6.546492931,104534417.9,25.8,337408,NA
"98",2015,"YR2015","Jamaica","JAM",85.4,0.513780598,17.75,7.929999828,25.12999916,67.31999969,86.40000153,27386977365,25418047672,4755.365857,4755.365857,8520,24627934734,42.22122119,7.957150699,1129035016,19.4,1585235,5.709
"130",2015,"YR2015","Middle East & North Africa","MEA",96.061914,0.807031511,17.13796698,22.29256586,15.99844733,56.1267032,64.93757547,6.9e+12,6.91e+12,7388.681977,7388.681977,16239.40414,6.92e+12,44.84419742,12.13574887,3.81e+11,29.76553904,274105309,NA
"116",2015,"YR2015","Lithuania","LTU",100,0.267269464,9.069999695,6.630000114,11.60999966,65.86000061,76.91000366,89320742946,83761417312,13749.37222,13749.37222,27790,80739607678,71.37805901,17.21172275,7131769120,19.1,1952971,5.833
"199",2015,"YR2015","Trinidad and Tobago","TTO",100,0.851767658,3.430000067,1.379999995,4.889999866,68.63999939,85.68000031,41410510485,37892047971,18070.32992,18070.32992,27180,37246463784,65.1,15.66480513,3946207429,17.4,730647,6.168
"96",2015,"YR2015","Israel","ISR",100,0.22037668,1.019999981,0.600000024,1.389999986,81.41000366,91.41000366,3.13e+11,2.97e+11,35501.23822,35501.23822,35170,2.95e+11,77.35208966,12.70076964,38112250847,11.9,7724692,7.278
"79",2015,"YR2015","Guyana","GUY",72.8,0.478989828,16.92000008,7.869999886,22.18000031,57.99000168,80.76000214,8642661275,8593945844,5609.007261,5609.007261,11260,8643537726,34,5.939100711,254184019.4,32.7,202917,NA
"190",2015,"YR2015","Suriname","SUR",91.2,0.536450186,7.690000057,4.5,9.520000458,67.23000336,87.43000031,10800860589,9622881718,9144.263119,9144.263119,17170,9597718830,42.76382778,11.49300599,589164983.8,20.2,369343,6.269
"202",2015,"YR2015","Turkmenistan","TKM",99.9,2.01342389,24.52000046,22.60000038,25.90999985,37.81000137,42.81000137,72312681690,76192141990,6056.408735,6056.408735,12890,71735322173,14.99677482,NA,NA,25.4,2800283,5.548
"77",2015,"YR2015","Guinea","GIN",1,0.288826646,63.97999954,65.94000244,61.59000015,30.43000031,32.08000183,23869472746,20799124961,756.7255489,756.7255489,1790,20460340883,9.2,12.11873629,1065746203,49.9,4017353,3.656
"19",2015,"YR2015","Bhutan","BTN",75,0.47913798,58,66.30000305,52.29000092,32.34999847,24.45999908,7341501097,6915381146,2556.478772,2556.478772,8820,6422593662,39.8,8.202847606,164352108,38.8,281531,5.253
"165",2015,"YR2015","Russian Federation","RUS",92.3,1.142318762,6.710000038,5.110000134,8.220000267,66.01000214,78.83000183,3.73e+12,3.53e+12,9055.176758,9055.176758,23420,3.43e+12,70.09924123,12.38301887,1.69e+11,20.1,106703732,NA
"48",2015,"YR2015","Denmark","DNK",100,0.111010867,2.49000001,1,3.809999943,78.08000183,89.37999725,3.01e+11,2.79e+11,54889.61421,54889.61421,50550,2.87e+11,96.33050162,12.40344481,37541887296,11.6,4974525,7.527
"57",2015,"YR2015","El Salvador","SLV",85.5,0.298657237,18.11000061,3.890000105,28.45999908,59.70999908,76.61000061,51507524366,48056303343,3532.9585,3532.9585,7240,45817642300,26.80260496,16.38749326,3840940000,9.9,4408609,6.13
"137",2015,"YR2015","Morocco","MAR",97.7,0.624136388,36.68999863,56.88000107,30.05999947,41.04999924,30.60000038,2.51e+11,2.47e+11,2820.267334,2820.267334,6890,2.42e+11,57.07999935,16.13695025,16327335293,29.5,21078593,5.013
"2",2015,"YR2015","Albania","ALB",76.2,0.445250586,41.27999878,47.68000031,36.74000168,40.04999924,38.29000092,34218299364,33585844100,3999.651604,3999.651604,11800,33983907351,56.9,5.671519417,645807416.1,22.9,1654503,4.959
"114",2015,"YR2015","Lesotho","LSO",36.5,0.945011438,46.68999863,43.18000031,49.27999878,39.59000015,44.59000015,5562257316,6336395992,1281.736787,1281.736787,3440,7086503863,25,15.13259694,357092939,27.5,554039,4.898
"118",2015,"YR2015","Low income","LIC",13.03512595,0.354141414,61.31999582,65.57133523,57.99594394,28.30189896,27.54258065,1.16e+12,1.08e+12,771.8377164,771.8377164,1770.966546,1.06e+12,9.147539109,8.233525825,39109062430,38.06239701,190282323,NA
"182",2015,"YR2015","Spain","ESP",100,0.214438848,4.119999886,2.109999895,5.789999962,75.97000122,89.20999908,1.74e+12,1.62e+12,25736.58774,25736.58774,34900,1.62e+12,78.68963187,11.30040182,1.35e+11,12.4,36971015,6.329
"131",2015,"YR2015","Middle East & North Africa (excluding high income)","MNA",95.35952734,1.010746525,21.21795582,29.08648573,19.47272071,52.40324489,55.7813095,3.76e+12,3.84e+12,3889.382862,3889.382862,10429.84904,3.8e+12,39.43255291,13.47604941,1.93e+11,30.66468202,220575123,NA
"59",2015,"YR2015","Estonia","EST",100,0.671719988,3.900000095,2.50999999,5.230000019,65.44000244,80.02999878,40828660880,38378217196,17019.89115,17019.89115,28540,37535436586,88.4097035,13.90593117,3183173621,21.2,899949,5.429
"56",2015,"YR2015","Egypt, Arab Rep.","EGY",99.8,0.686013749,25.81999969,40.20000076,22.17000008,49.09999847,54.16999817,9.77e+11,1.06e+12,3501.263004,3501.263004,11310,1.05e+12,37.81938343,16.6974467,54995808625,29.7,39551545,NA
"158",2015,"YR2015","Philippines","PHL",42.2,0.370929782,29.19000053,18.95999908,35.91999817,54.61999893,71.04000092,7.45e+11,7.34e+11,3344.005534,3344.005534,8010,8.18e+11,36.9,19.92802237,61068655470,14.5,47262076,5.073
"146",2015,"YR2015","Nigeria","NGA",5.4,0.222163656,36.93999863,26.46999931,45.38999939,51.11999893,60.99000168,9.99e+11,9.83e+11,2616.772702,2616.772702,5280,9.57e+11,24.5,9.428437322,45897943560,54.9,86652535,5.268
"1",2015,"YR2015","Afghanistan","AFG",27.4,0.401364107,47.06999969,68.59999847,42.29999924,35.75999832,9.529999733,71176481723,71831696728,561.0336868,561.0336868,2110,72481076026,8.26,11.420006,2185128132,39.4,8535606,3.575
"211",2015,"YR2015","Vanuatu","VUT",9.5,0.191552381,60.61999893,61.63999939,59.81999969,28.46999931,29.53000069,790432247.5,768013173.8,2744.19745,2744.19745,2880,781840052.7,22.35140458,2.834653577,20717649.09,25.2,67676,NA
"121",2015,"YR2015","Madagascar","MDG",0.9,0.293207898,66.48999786,62.95000076,69.87000275,25.15999985,28.57999992,37484480464,37486176943,451.8060014,451.8060014,1500,36248277778,4.17397219,8.483884747,960632036.9,37.4,8528700,3.681
"172",2015,"YR2015","Sierra Leone","SLE",0.5,0.222816195,58.06000137,55.75999832,60.34999847,35.74000168,42.75,11071362577,11379594528,580.3272191,580.3272191,1570,11226733104,6.344421603,1.768628824,74613566.47,47.8,2928219,4.507
"108",2015,"YR2015","Latin America & Caribbean","LCN",87.36040932,0.331935574,13.87543152,7.197089866,18.4359811,64.5908363,80.58829695,9.9e+12,9.35e+12,8368.056393,8368.056393,14604.06935,9.09e+12,54.39036682,16.01606985,8.6e+11,17.32354586,497108429,NA
"113",2015,"YR2015","Lebanon","LBN",NA,0.541656761,12.81000042,12.09000015,13.02999973,61.86999893,74.08000183,1.06e+11,98413136247,7565.166595,7565.166595,14910,97410823179,74,8.048539305,4018582381,26.7,5755684,4.839
"111",2015,"YR2015","Latvia","LVA",100,0.268725882,7.940000057,5.039999962,10.86999989,68.41999817,82.23000336,52658495004,49384358752,13721.77883,13721.77883,24860,49152676312,79.20058292,10.46795056,2853886838,21.2,1344323,5.098
"183",2015,"YR2015","Sri Lanka","LKA",25.75,0.252592671,28.65999985,32.33000183,26.84000015,45.56999969,42.22999954,2.49e+11,2.42e+11,3747.343914,3747.343914,11270,2.36e+11,12.1,16.26195112,13107796200,33.8,3828283,4.271
"102",2015,"YR2015","Kenya","KEN",11.6,0.266998917,57.25999832,62.91999817,51.93999863,36.65000153,35.45000076,1.95e+11,1.76e+11,1319.910155,1319.910155,3320,1.59e+11,16.58785485,9.975179818,6994637319,28.1,12284624,4.419
"5",2015,"YR2015","Arab World","ARB",86.47859724,0.74662912,20.82906768,29.5098607,18.81725761,54.57683883,60.18874696,5.64e+12,5.67e+12,6376.048359,6376.048359,14333.54847,5.68e+12,41.86635892,11.59538299,2.92e+11,32.87810691,229821029,NA
"155",2015,"YR2015","Papua New Guinea","PNG",8.7,0.295992394,59.79999924,64.26999664,55.5,29.07999992,31.79000092,33106121770,32167131001,2630.547966,2630.547966,3900,31581274961,7.9,1.77710948,386050931.9,33.6,1054983,NA
"198",2015,"YR2015","Tonga","TON",72.1,0.25171266,22.73999977,2,35.86000061,47.56999969,50.56000137,599009352.1,582019616.6,4381.042219,4381.042219,5830,588033122.3,38.65127243,6.026708221,26337090.22,27.6,23457,NA
"71",2015,"YR2015","Gambia, The","GMB",2,0.384566025,29.38999939,36.29000092,24.35000038,55.11999893,59.43000031,4294072681,4311179262,644.8787879,644.8787879,2020,4207793059,18.2,6.349254347,87503954.72,53.9,1235413,NA
"173",2015,"YR2015","Singapore","SGP",100,0.147725284,0.079999998,0.029999999,0.109999999,82.52999878,87.75,4.94e+11,4.81e+11,51849.69106,51849.69106,81040,4.49e+11,83.2,18.08932985,55715885947,11.9,5535002,6.798
"128",2015,"YR2015","Mauritius","MUS",97.2,0.338684808,6.909999847,5.190000057,7.949999809,66.98999786,76.97000122,25122651923,24279686437,10045.98341,10045.98341,20860,26339259783,50.13931848,13.03657296,1524273534,20.7,517668,5.477
"6",2015,"YR2015","Argentina","ARG",99.7,0.312888144,0.25999999,0.07,0.389999986,76.08000183,91.26999664,1.03e+12,8.67e+11,13530.92628,13530.92628,19730,8.51e+11,68.04306411,14.18158545,84344878154,12.1,39467043,6.574
"163",2015,"YR2015","Qatar","QAT",100,0.515086082,1.230000019,0.01,1.419999957,44.63000107,94.08000183,2.46e+11,2.39e+11,61649.4827,61649.4827,90920,2.33e+11,92.88482645,8.91552531,14419966676,27.2,2538640,6.611
"132",2015,"YR2015","Middle East & North Africa (IDA & IBRD)","TMN",95.35952734,1.014304115,21.33197802,29.21763495,19.58158803,52.31057084,55.62156474,3.73e+12,3.81e+12,3891.949469,3891.949469,10475.19712,3.77e+12,39.21118302,13.51710698,1.92e+11,30.66468202,217356840,NA
"216",2015,"YR2015","Zimbabwe","ZWE",29.5,0.621145373,67.05999756,71.29000092,62.72000122,25.72999954,26.55999947,32602864363,37016438435,1418.56751,1418.56751,2630,36337566841,22.7428181,11.88859922,2373335400,29.1,4473872,4.61
"20",2015,"YR2015","Bolivia","BOL",82.7,0.618481133,27.85000038,28.29999924,27.54000092,49.61999893,60.72000122,86788418430,77543289209,2932.280254,2932.280254,6890,74894854629,37.49,10.19119085,3363113184,26.7,7434136,5.89
"32",2015,"YR2015","Caribbean small states","CSS",89.30142698,0.539941284,11.85866003,5.081137162,16.78785764,68.33651054,86.89339078,1.18e+11,1.1e+11,9901.289771,9901.289771,14894.07205,1.08e+11,49.96500365,9.290997847,6832136185,19.89047265,3667763,NA
"166",2015,"YR2015","Rwanda","RWA",0.6,0.108911433,66.94999695,76.68000031,56.63000107,24.93000031,20.64999962,21477963189,20516952003,736.8310425,736.8310425,1770,20126901465,18,6.828342785,583101204.7,17.8,1933196,3.465
"68",2015,"YR2015","Finland","FIN",100,0.182647949,4.21999979,2.200000048,6.139999866,74.06999969,89.06999969,2.47e+11,2.33e+11,43222.87066,43222.87066,42920,2.35e+11,86.42213333,14.68458027,34440389638,10,4669930,7.406
"161",2015,"YR2015","Post-demographic dividend","PST",99.45305478,0.247927326,3.344531864,2.428396886,4.110310657,74.40657628,86.61527635,5.04e+13,4.85e+13,41212.32395,41212.32395,44782.72906,4.91e+13,78.71125146,13.51354613,6.03e+12,12.48161576,885744062,NA
"50",2015,"YR2015","Dominican Republic","DOM",89,0.329516723,9.720000267,1.470000029,14.72000027,71.91999817,89.66000366,1.58e+11,1.52e+11,6635.925105,6635.925105,14130,1.45e+11,54.21576634,14.7024479,10462971356,27.3,8077901,4.885
"51",2015,"YR2015","Early-demographic dividend","EAR",55.16121523,0.683075958,37.53057818,41.60197057,35.8782116,40.2245748,43.97432952,2.64e+13,2.6e+13,3212.865752,3212.865752,8256.985048,2.58e+13,24.47004385,16.8480135,1.71e+12,38.82854408,1371521458,NA
"191",2015,"YR2015","Sweden","SWE",100,0.077607813,2.039999962,1.019999981,2.970000029,79.68000031,92.06999969,4.99e+11,4.81e+11,51956.94299,51956.94299,49500,4.85e+11,90.61019664,13.60516563,68720206042,12.2,8481489,7.364
"210",2015,"YR2015","Uzbekistan","UZB",85.35,1.240479079,27.57999992,25.97999954,28.70000076,49.52000046,60.41999817,2e+11,2.09e+11,2799.552487,2799.552487,6790,2.13e+11,42.8,12.80946893,11041283812,26.3,15884192,6.003
"203",2015,"YR2015","Uganda","UGA",0.7,0.150706476,72.26000214,77.26999664,67.48999786,20.94000053,19.23999977,79034506631,81372227473,830.83942,830.83942,2090,79794449796,5.7,16.77956087,5434427228,31.5,8432534,3.931
"13",2015,"YR2015","Bangladesh","BGD",18.3,0.367492749,43.45999908,64.01000214,35.72999954,36.58000183,20.61000061,6.85e+11,5.56e+11,1329.499699,1329.499699,3790,5.92e+11,12.9,16.78867356,32751122557,35.9,53608407,4.694
"207",2015,"YR2015","United States","USA",100,0.273204731,1.440000057,0.75999999,2.019999981,78.69999695,90.41000366,1.87e+13,1.82e+13,58180.98313,58180.98313,58180,1.87e+13,74.55420245,11.66231343,2.12e+12,10.7,261950744,7.119
"138",2015,"YR2015","Mozambique","MOZ",3.9,0.353583534,72.12000275,82.09999847,61.25999832,20.13999939,15.32999992,34143585464,34918471458,578.7606477,578.7606477,1270,34261446172,6.5,8.192260008,1306745701,48.3,9302448,4.971
"84",2015,"YR2015","Hungary","HUN",100,0.346833881,4.900000095,2.650000095,6.800000191,64.76999664,78.41999817,2.71e+11,2.64e+11,12111.99312,12111.99312,25520,2.51e+11,72.83473703,20.20944888,25304316540,19.6,6939335,4.8
"201",2015,"YR2015","Turkey","TUR",94.9,0.406783777,20.40999985,31,15.67000008,52.36999893,52.75,2.04e+12,2.02e+12,10882.96232,10882.96232,25460,2e+12,53.74497914,16.69618545,1.44e+11,NA,57806286,5.332
"154",2015,"YR2015","Panama","PAN",87.5,0.197811868,14.67000008,7.849999905,19.01000023,66.61000061,82.61000061,1.13e+11,1e+11,12760.72607,12760.72607,23700,94068775486,51.20542499,6.390812487,3456900000,21.3,2646824,6.786
"204",2015,"YR2015","Ukraine","UKR",94.9,2.096759181,15.26000023,13.13000011,17.20999908,60.04999924,73.01000214,4.81e+11,4.35e+11,2213.409912,2213.409912,10590,4.54e+11,48.88464368,11.90277912,10835214034,15.5,31183829,4.681
"209",2015,"YR2015","Uruguay","URY",100,0.12369941,8.819999695,4.460000038,12.31000042,70.70999908,85.80000305,76517223784,68982579038,14896.30384,14896.30384,19290,65812871478,64.5707871,13.24266133,7054935684,13.8,3242948,6.485
"3",2015,"YR2015","Algeria","DZA",99.5,0.879447683,10.38000011,3.569999933,11.77999973,58.70000076,72.27999878,4.65e+11,4.77e+11,4069.350867,4069.350867,11700,4.65e+11,38.2,23.17309737,38462539998,32.8,28146508,5.605
"86",2015,"YR2015","Iceland","ISL",100,0.117598632,4.239999771,1.75,6.489999771,77.91999817,91.34999847,17249664317,16276450019,50009.22587,50009.22587,46470,15371988995,98.2,10.69687079,1873793376,9.6,309974,7.561
"140",2015,"YR2015","Namibia","NAM",44.3,0.37670334,24.47999954,23.78000069,25.11000061,58.52999878,70.16999817,24683395685,24615023881,4888.791824,4888.791824,10620,24575695883,25.68785182,11.41718482,1294158401,24.5,1085689,NA
"105",2015,"YR2015","Kyrgyz Republic","KGZ",76.3,1.537844525,29.30999947,31.95000076,27.52000046,49.79000092,57.27000046,28623744973,25107317901,1077.318461,1077.318461,4050,24127188672,30.24704278,14.0507757,938335859.4,34.8,2131200,NA
"69",2015,"YR2015","France","FRA",100,0.127355834,2.710000038,1.610000014,3.730000019,76.97000122,89,2.88e+12,2.72e+12,37444.47319,37444.47319,41730,2.78e+12,78.00603771,10.43366363,2.54e+11,9.4,53009026,6.575
"44",2015,"YR2015","Croatia","HRV",100,0.336794513,9.229999542,7.429999828,10.77000046,64.05999756,77.55000305,1.05e+11,97949323816,11984.90201,11984.90201,23400,98372238709,69.84503592,12.77565251,6408675210,20.5,2360534,5.759
"168",2015,"YR2015","Sao Tome and Principe","STP",2.1,0.379667451,21.23999977,10.25,26.51000023,60.52000046,86.33999634,756743083.8,765345672.3,1579.612143,1579.612143,3820,762852024.1,25.82,6.368955711,20130108.16,45,139954,NA
"181",2015,"YR2015","South Sudan","SSD",0,0.164196759,61.79000092,75.66999817,48.79000092,20.87999916,16.15999985,NA,13230895758,982.002556,982.002556,1080,11604302037,3,3.534277011,424035514.1,34.8,2020116,NA
"81",2015,"YR2015","Heavily indebted poor countries (HIPC)","HPC",11.82456629,0.28302649,59.35180629,60.56278115,58.34379722,29.98313932,31.80250504,1.75e+12,1.7e+12,944.0780349,944.0780349,2311.279226,1.66e+12,10.55795136,9.809811814,68035611350,38.50026646,248770232,NA
"46",2015,"YR2015","Cyprus","CYP",100,0.341692463,4,2.069999933,5.670000076,79.77999878,91.61000061,29204668535,26968662454,23255.2832,23255.2832,31610,26792329764,71.71574092,4.260192053,845324531.2,12.4,777234,5.689
"73",2015,"YR2015","Germany","DEU",100,0.221173382,1.389999986,0.959999979,1.779999971,70.91999817,85.19000244,4.18e+12,3.89e+12,42039.95018,42039.95018,48690,3.98e+12,87.58979935,20.34789735,6.83e+11,10.2,63062064,6.75
"31",2015,"YR2015","Canada","CAN",100,0.359008567,1.639999986,1.019999981,2.210000038,78.43000031,90.43000031,1.7e+12,1.59e+12,42928.25526,42928.25526,43990,1.57e+12,90,9.975422544,1.55e+11,9.3,29011826,7.427
"52",2015,"YR2015","East Asia & Pacific","EAS",67.7332809,0.64401446,28.08675591,25.50313761,30.07353634,45.39898441,52.33430672,3.44e+13,3.47e+13,9620.350416,9620.350416,15112.84714,3.46e+13,48.87998914,24.11496708,5.3e+12,18.34173788,1293210148,NA
"171",2015,"YR2015","Serbia","SRB",73,1.138794807,19.40999985,16.31999969,21.76000023,56.13000107,66.77999878,1.11e+11,1.06e+11,5328.790231,5328.790231,14230,1.01e+11,65.3170254,14.76792786,5856363396,22,3951845,5.123
"115",2015,"YR2015","Liberia","LBR",0.4,0.396600567,43.90999985,42.84000015,44.86999893,45.45000076,51.95000076,7292346348,5869634044,658.9724498,658.9724498,1200,5360350195,10,NA,NA,42.7,2228064,4.571
"188",2015,"YR2015","Sub-Saharan Africa (IDA & IBRD)","TSS",14.48827532,0.470666731,54.61649286,54.89636007,54.32748594,34.63278096,37.46078098,3.89e+12,3.76e+12,1641.762666,1641.762666,3665.620998,3.65e+12,16.12302633,10.01780173,1.69e+11,40.54366524,384158126,NA
"90",2015,"YR2015","IDA total","IDA",20.01219611,0.384191932,51.58796436,57.13406919,47.88844211,34.2686177,33.26997621,5.41e+12,5.21e+12,1322.801283,1322.801283,3372.944052,5.15e+12,14.24304495,10.97909456,2.25e+11,40.10024498,542031002,NA
"24",2015,"YR2015","Brunei Darussalam","BRN",100,0.462476207,0.74000001,0.460000008,0.949999988,81.33999634,89.12999725,26200774965,25948980973,32732.05461,32732.05461,65690,27254603848,71.2,14.5277354,1878493563,15.1,318086,NA
"7",2015,"YR2015","Armenia","ARM",97.8,0.506001055,35.33000183,40.08000183,31.22999954,48.75999832,52.38999939,33121226305,29166842741,3753.725424,3753.725424,10370,30350856298,59.10083377,9.206171059,971558318.6,17.1,1845589,4.35
"64",2015,"YR2015","Europe & Central Asia (excluding high income)","ECA",91.22159686,0.907327915,15.32983639,14.87424821,15.68742584,59.11252505,69.97299017,7.82e+12,7.51e+12,7328.220728,7328.220728,18882.19151,7.37e+12,58.85616389,13.92352503,4.07e+11,22.06394459,260707943,NA
"184",2015,"YR2015","St. Lucia","LCA",95.3,0.210167705,11.47000027,5.21999979,16.31999969,71.80999756,88.25,2518153307,2427466022,9239.865838,9239.865838,12410,2222142777,41.7,2.985581779,53981703.7,13.7,33166,NA
"156",2015,"YR2015","Paraguay","PRY",65.4,0.175911586,19.70000076,13.94999981,23.44000053,60.56000137,76.41000366,79115424976,76830436045,5213.473829,5213.473829,11060,73987816655,49.71630466,19.41648705,7030976493,22.4,4063413,5.878
"194",2015,"YR2015","Tanzania","TZA",2.9,0.246735873,67.48000336,70,65.16999817,26.22999954,26.93000031,1.18e+11,1.17e+11,929.9226074,929.9226074,2300,1.15e+11,10,7.855564961,3721856624,39.7,16277266,3.781
"40",2015,"YR2015","Congo, Dem. Rep.","COD",3.7,0.076217693,66.15000153,73.83000183,58.81999969,24.34000015,22.78000069,81218906049,69035657197,460.7120729,460.7120729,840,63954295208,3.799999507,17.1286573,6494793727,44.1,32586913,NA
